<?xml version="1.0" encoding="UTF-8"?>
<recetas>
    <receta>
        <id>1</id>
        <nombre>Sopa de cebolla</nombre>
        <cantidaPersonas>4</cantidaPersonas>
        <ingredientes>
            <ingrediente>
                <nombre>cebolla</nombre>
                <cantidad tipo='gramos'>1000</cantidad>
            </ingrediente>
            <ingrediente>
                <nombre>Caldo de carne</nombre>
                <cantidad tipo='litros'>2</cantidad>
            </ingrediente>
            <ingrediente>
                <nombre>Mantequilla</nombre>
                <cantidad tipo='gramos'>100</cantidad>
            </ingrediente>
            <ingrediente>
                <nombre>Harina</nombre>
                <cantidad tipo='cucharadas'>1</cantidad>
            </ingrediente>
            <ingrediente>
                <nombre>Queso emmental suizo o gruyere rallado</nombre>
                <cantidad tipo='gramos'>100</cantidad>
            </ingrediente>
            <ingrediente>
                <nombre>Pan tostado</nombre>
                <cantidad tipo='rebanadas'>Al gusto</cantidad>
            </ingrediente>
            <ingrediente>
                <nombre>Tomillo</nombre>
                <cantidad/>
            </ingrediente>
            <ingrediente>
                <nombre>Hoja de laurel</nombre>
                <cantidad tipo='unidades'>1</cantidad>
            </ingrediente>
            <ingrediente>
                <nombre>Pimienta</nombre>
                <cantidad/>
            </ingrediente>
        </ingredientes>
        <proceso>
            <paso numero='1'>Pelar y Partir las cebollas en rodajas finas</paso>
            <paso numero='2'>Rehogarlas con la mantequilla, sal y pimienta a fuego lento hasta que esten transparentes sin dorarse</paso>
            <paso numero='3'>Añadir la harina sin dejar de remover</paso>
            <paso numero='4'>Ponerlo en una cazuela con el caldo, el tomillo y el laurel</paso>
            <paso numero='5'>Dejar cocer a fuego lento durante unos 15 minutos</paso>
            <paso numero='6'>Poner las rebanadas de pan encima, espolvorear el queso y gratinar al horno</paso>
        </proceso>
    </receta>
</recetas>